STN_NM,TM,SUM_RN
Gangneung,2001-01-01,77.7
Gangneung,2001-02-01,63.0
Gangneung,2001-03-01,13.0
Gangneung,2001-04-01,107.2
Gangneung,2001-05-01,93.0
Gangneung,2001-06-01,124.6
Gangneung,2001-07-01,103.1
Gangneung,2001-08-01,152.1
Gangneung,2001-09-01,225.5
Gangneung,2001-10-01,220.1
Gangneung,2001-11-01,148.8
Gangneung,2001-12-01,129.7
Gangneung,2002-01-01,31.2
Gangneung,2002-02-01,18.6
Gangneung,2002-03-01,34.0
Gangneung,2002-04-01,26.7
Gangneung,2002-05-01,33.2
Gangneung,2002-06-01,91.6
Gangneung,2002-07-01,207.7
Gangneung,2002-08-01,257.1
Gangneung,2002-09-01,221.3
Gangneung,2002-10-01,228.8
Gangneung,2002-11-01,156.6
Gangneung,2002-12-01,84.6
Gangneung,2003-01-01,29.8
Gangneung,2003-02-01,96.5
Gangneung,2003-03-01,6.3
Gangneung,2003-04-01,44.5
Gangneung,2003-05-01,28.1
Gangneung,2003-06-01,116.3
Gangneung,2003-07-01,149.0
Gangneung,2003-08-01,242.3
Gangneung,2003-09-01,185.1
Gangneung,2003-10-01,194.4
Gangneung,2003-11-01,172.9
Gangneung,2003-12-01,135.2
Gangneung,2004-01-01,76.5
Gangneung,2004-02-01,3.4
Gangneung,2004-03-01,0.0
Gangneung,2004-04-01,50.6
Gangneung,2004-05-01,75.0
Gangneung,2004-06-01,143.5
Gangneung,2004-07-01,208.5
Gangneung,2004-08-01,184.2
Gangneung,2004-09-01,188.3
Gangneung,2004-10-01,145.1
Gangneung,2004-11-01,167.6
Gangneung,2004-12-01,98.4
Gangneung,2005-01-01,55.1
Gangneung,2005-02-01,26.3
Gangneung,2005-03-01,52.2
Gangneung,2005-04-01,13.2
Gangneung,2005-05-01,79.1
Gangneung,2005-06-01,99.0
Gangneung,2005-07-01,184.3
Gangneung,2005-08-01,191.2
Gangneung,2005-09-01,198.8
Gangneung,2005-10-01,222.7
Gangneung,2005-11-01,111.1
Gangneung,2005-12-01,184.4
Gangneung,2006-01-01,52.2
Gangneung,2006-02-01,51.2
Gangneung,2006-03-01,0.0
Gangneung,2006-04-01,13.6
Gangneung,2006-05-01,57.0
Gangneung,2006-06-01,109.5
Gangneung,2006-07-01,123.4
Gangneung,2006-08-01,184.8
Gangneung,2006-09-01,163.4
Gangneung,2006-10-01,240.6
Gangneung,2006-11-01,173.0
Gangneung,2006-12-01,153.5
Gangneung,2007-01-01,66.5
Gangneung,2007-02-01,28.9
Gangneung,2007-03-01,35.2
Gangneung,2007-04-01,67.3
Gangneung,2007-05-01,67.4
Gangneung,2007-06-01,158.2
Gangneung,2007-07-01,222.5
Gangneung,2007-08-01,195.0
Gangneung,2007-09-01,183.4
Gangneung,2007-10-01,167.2
Gangneung,2007-11-01,154.9
Gangneung,2007-12-01,97.7
Gangneung,2008-01-01,109.5
Gangneung,2008-02-01,96.5
Gangneung,2008-03-01,0.0
Gangneung,2008-04-01,0.0
Gangneung,2008-05-01,46.5
Gangneung,2008-06-01,110.9
Gangneung,2008-07-01,74.4
Gangneung,2008-08-01,213.5
Gangneung,2008-09-01,211.9
Gangneung,2008-10-01,244.5
Gangneung,2008-11-01,153.9
Gangneung,2008-12-01,147.4
Gangneung,2009-01-01,80.4
Gangneung,2009-02-01,32.2
Gangneung,2009-03-01,51.9
Gangneung,2009-04-01,0.0
Gangneung,2009-05-01,56.4
Gangneung,2009-06-01,119.1
Gangneung,2009-07-01,188.5
Gangneung,2009-08-01,185.0
Gangneung,2009-09-01,209.3
Gangneung,2009-10-01,225.0
Gangneung,2009-11-01,128.6
Gangneung,2009-12-01,118.6
Gangneung,2010-01-01,117.6
Gangneung,2010-02-01,11.7
Gangneung,2010-03-01,42.4
Gangneung,2010-04-01,66.3
Gangneung,2010-05-01,112.6
Gangneung,2010-06-01,126.8
Gangneung,2010-07-01,153.5
Gangneung,2010-08-01,193.7
Gangneung,2010-09-01,245.2
Gangneung,2010-10-01,111.0
Gangneung,2010-11-01,147.6
Gangneung,2010-12-01,127.3
Gangneung,2011-01-01,88.5
Gangneung,2011-02-01,84.2
Gangneung,2011-03-01,99.4
Gangneung,2011-04-01,0.0
Gangneung,2011-05-01,86.6
Gangneung,2011-06-01,136.1
Gangneung,2011-07-01,156.0
Gangneung,2011-08-01,257.7
Gangneung,2011-09-01,232.3
Gangneung,2011-10-01,209.5
Gangneung,2011-11-01,232.1
Gangneung,2011-12-01,74.0
Gangneung,2012-01-01,110.2
Gangneung,2012-02-01,45.4
Gangneung,2012-03-01,0.0
Gangneung,2012-04-01,55.3
Gangneung,2012-05-01,41.4
Gangneung,2012-06-01,96.8
Gangneung,2012-07-01,208.5
Gangneung,2012-08-01,203.0
Gangneung,2012-09-01,171.5
Gangneung,2012-10-01,190.4
Gangneung,2012-11-01,184.8
Gangneung,2012-12-01,149.3
Gangneung,2013-01-01,99.2
Gangneung,2013-02-01,0.0
Gangneung,2013-03-01,72.6
Gangneung,2013-04-01,35.4
Gangneung,2013-05-01,19.4
Gangneung,2013-06-01,63.5
Gangneung,2013-07-01,113.9
Gangneung,2013-08-01,156.5
Gangneung,2013-09-01,208.0
Gangneung,2013-10-01,242.7
Gangneung,2013-11-01,156.0
Gangneung,2013-12-01,55.4
Gangneung,2014-01-01,38.9
Gangneung,2014-02-01,59.2
Gangneung,2014-03-01,25.2
Gangneung,2014-04-01,68.2
Gangneung,2014-05-01,100.0
Gangneung,2014-06-01,122.9
Gangneung,2014-07-01,168.8
Gangneung,2014-08-01,134.6
Gangneung,2014-09-01,265.2
Gangneung,2014-10-01,230.9
Gangneung,2014-11-01,202.9
Gangneung,2014-12-01,52.9
Gangneung,2015-01-01,67.1
Gangneung,2015-02-01,45.0
Gangneung,2015-03-01,28.2
Gangneung,2015-04-01,115.3
Gangneung,2015-05-01,76.1
Gangneung,2015-06-01,96.0
Gangneung,2015-07-01,143.5
Gangneung,2015-08-01,190.1
Gangneung,2015-09-01,220.5
Gangneung,2015-10-01,276.1
Gangneung,2015-11-01,191.5
Gangneung,2015-12-01,124.9
Gangneung,2016-01-01,109.5
Gangneung,2016-02-01,20.8
Gangneung,2016-03-01,0.0
Gangneung,2016-04-01,16.1
Gangneung,2016-05-01,90.6
Gangneung,2016-06-01,117.6
Gangneung,2016-07-01,90.7
Gangneung,2016-08-01,172.6
Gangneung,2016-09-01,215.0
Gangneung,2016-10-01,132.8
Gangneung,2016-11-01,171.3
Gangneung,2016-12-01,94.1
Gangneung,2017-01-01,26.4
Gangneung,2017-02-01,0.0
Gangneung,2017-03-01,0.0
Gangneung,2017-04-01,88.4
Gangneung,2017-05-01,3.9
Gangneung,2017-06-01,78.6
Gangneung,2017-07-01,179.0
Gangneung,2017-08-01,223.7
Gangneung,2017-09-01,199.4
Gangneung,2017-10-01,210.5
Gangneung,2017-11-01,201.3
Gangneung,2017-12-01,120.1
Gangneung,2018-01-01,15.5
Gangneung,2018-02-01,58.0
Gangneung,2018-03-01,0.0
Gangneung,2018-04-01,52.6
Gangneung,2018-05-01,60.9
Gangneung,2018-06-01,69.5
Gangneung,2018-07-01,189.2
Gangneung,2018-08-01,224.2
Gangneung,2018-09-01,191.6
Gangneung,2018-10-01,187.7
Gangneung,2018-11-01,168.8
Gangneung,2018-12-01,102.2
Gangneung,2019-01-01,42.7
Gangneung,2019-02-01,53.3
Gangneung,2019-03-01,63.2
Gangneung,2019-04-01,34.0
Gangneung,2019-05-01,67.6
Gangneung,2019-06-01,49.5
Gangneung,2019-07-01,151.7
Gangneung,2019-08-01,197.3
Gangneung,2019-09-01,217.7
Gangneung,2019-10-01,160.2
Gangneung,2019-11-01,140.3
Gangneung,2019-12-01,73.1
Gangneung,2020-01-01,94.6
Gangneung,2020-02-01,0.0
Gangneung,2020-03-01,32.2
Gangneung,2020-04-01,64.7
Gangneung,2020-05-01,49.7
Gangneung,2020-06-01,127.3
Gangneung,2020-07-01,180.1
Gangneung,2020-08-01,199.7
Gangneung,2020-09-01,175.6
Gangneung,2020-10-01,120.2
Gangneung,2020-11-01,213.8
Gangneung,2020-12-01,29.1
Gangneung,2021-01-01,45.5
Gangneung,2021-02-01,0.0
Gangneung,2021-03-01,0.0
Gangneung,2021-04-01,79.7
Gangneung,2021-05-01,106.7
Gangneung,2021-06-01,81.0
Gangneung,2021-07-01,253.1
Gangneung,2021-08-01,199.9
Gangneung,2021-09-01,182.4
Gangneung,2021-10-01,198.0
Gangneung,2021-11-01,158.0
Gangneung,2021-12-01,191.9
Gangneung,2022-01-01,99.2
Gangneung,2022-02-01,11.7
Gangneung,2022-03-01,43.4
Gangneung,2022-04-01,68.8
Gangneung,2022-05-01,50.0
Gangneung,2022-06-01,101.2
Gangneung,2022-07-01,129.0
Gangneung,2022-08-01,210.1
Gangneung,2022-09-01,244.3
Gangneung,2022-10-01,168.0
Gangneung,2022-11-01,130.6
Gangneung,2022-12-01,90.7
Gangneung,2023-01-01,61.6
Gangneung,2023-02-01,74.5
Gangneung,2023-03-01,14.0
Gangneung,2023-04-01,11.7
Gangneung,2023-05-01,71.2
Gangneung,2023-06-01,127.3
Gangneung,2023-07-01,166.9
Gangneung,2023-08-01,230.2
Gangneung,2023-09-01,203.3
Gangneung,2023-10-01,199.1
Gangneung,2023-11-01,149.0
Gangneung,2023-12-01,100.4
Gangneung,2024-01-01,107.6
Gangneung,2024-02-01,0.0
Gangneung,2024-03-01,0.0
Gangneung,2024-04-01,124.4
Gangneung,2024-05-01,70.3
Gangneung,2024-06-01,138.1
Gangneung,2024-07-01,165.8
Gangneung,2024-08-01,178.0
Gangneung,2024-09-01,205.4
Gangneung,2024-10-01,193.0
Gangneung,2024-11-01,125.4
Gangneung,2024-12-01,169.6
Gangneung,2025-01-01,23.0
Gangneung,2025-02-01,0.0
Gangneung,2025-03-01,30.1
Gangneung,2025-04-01,0.0
Gangneung,2025-05-01,68.4
Gangneung,2025-06-01,182.6
Gangneung,2025-07-01,193.4
Gangneung,2025-08-01,100.9
Gangneung,2025-09-01,217.5
Gangneung,2025-10-01,161.1
Gangneung,2025-11-01,106.0
Gangneung,2025-12-01,125.6
Seoul,2001-01-01,55.9
Seoul,2001-02-01,9.9
Seoul,2001-03-01,7.8
Seoul,2001-04-01,16.9
Seoul,2001-05-01,72.0
Seoul,2001-06-01,136.0
Seoul,2001-07-01,153.4
Seoul,2001-08-01,161.4
Seoul,2001-09-01,214.1
Seoul,2001-10-01,171.3
Seoul,2001-11-01,192.4
Seoul,2001-12-01,79.3
Seoul,2002-01-01,73.1
Seoul,2002-02-01,62.9
Seoul,2002-03-01,43.5
Seoul,2002-04-01,0.0
Seoul,2002-05-01,84.5
Seoul,2002-06-01,91.8
Seoul,2002-07-01,178.4
Seoul,2002-08-01,139.6
Seoul,2002-09-01,166.1
Seoul,2002-10-01,238.3
Seoul,2002-11-01,154.5
Seoul,2002-12-01,135.3
Seoul,2003-01-01,50.8
Seoul,2003-02-01,67.2
Seoul,2003-03-01,33.0
Seoul,2003-04-01,70.5
Seoul,2003-05-01,127.9
Seoul,2003-06-01,105.8
Seoul,2003-07-01,212.2
Seoul,2003-08-01,220.7
Seoul,2003-09-01,248.2
Seoul,2003-10-01,206.1
Seoul,2003-11-01,193.8
Seoul,2003-12-01,105.1
Seoul,2004-01-01,98.9
Seoul,2004-02-01,8.5
Seoul,2004-03-01,31.5
Seoul,2004-04-01,0.0
Seoul,2004-05-01,137.2
Seoul,2004-06-01,91.2
Seoul,2004-07-01,141.5
Seoul,2004-08-01,205.8
Seoul,2004-09-01,251.3
Seoul,2004-10-01,189.3
Seoul,2004-11-01,168.7
Seoul,2004-12-01,186.9
Seoul,2005-01-01,25.5
Seoul,2005-02-01,75.1
Seoul,2005-03-01,58.1
Seoul,2005-04-01,26.9
Seoul,2005-05-01,93.8
Seoul,2005-06-01,97.1
Seoul,2005-07-01,141.0
Seoul,2005-08-01,255.9
Seoul,2005-09-01,220.2
Seoul,2005-10-01,175.3
Seoul,2005-11-01,191.6
Seoul,2005-12-01,144.4
Seoul,2006-01-01,24.7
Seoul,2006-02-01,17.6
Seoul,2006-03-01,72.9
Seoul,2006-04-01,35.4
Seoul,2006-05-01,62.2
Seoul,2006-06-01,141.1
Seoul,2006-07-01,119.4
Seoul,2006-08-01,203.1
Seoul,2006-09-01,214.2
Seoul,2006-10-01,206.1
Seoul,2006-11-01,169.3
Seoul,2006-12-01,166.3
Seoul,2007-01-01,28.6
Seoul,2007-02-01,27.0
Seoul,2007-03-01,33.8
Seoul,2007-04-01,45.4
Seoul,2007-05-01,54.9
Seoul,2007-06-01,164.5
Seoul,2007-07-01,104.0
Seoul,2007-08-01,227.5
Seoul,2007-09-01,148.0
Seoul,2007-10-01,184.0
Seoul,2007-11-01,164.8
Seoul,2007-12-01,133.1
Seoul,2008-01-01,61.0
Seoul,2008-02-01,0.0
Seoul,2008-03-01,18.1
Seoul,2008-04-01,8.3
Seoul,2008-05-01,85.3
Seoul,2008-06-01,138.7
Seoul,2008-07-01,176.9
Seoul,2008-08-01,175.9
Seoul,2008-09-01,225.2
Seoul,2008-10-01,148.9
Seoul,2008-11-01,180.3
Seoul,2008-12-01,92.6
Seoul,2009-01-01,123.3
Seoul,2009-02-01,34.8
Seoul,2009-03-01,2.0
Seoul,2009-04-01,15.1
Seoul,2009-05-01,97.6
Seoul,2009-06-01,160.9
Seoul,2009-07-01,143.8
Seoul,2009-08-01,171.9
Seoul,2009-09-01,202.8
Seoul,2009-10-01,195.4
Seoul,2009-11-01,142.2
Seoul,2009-12-01,112.8
Seoul,2010-01-01,92.1
Seoul,2010-02-01,33.4
Seoul,2010-03-01,10.2
Seoul,2010-04-01,21.3
Seoul,2010-05-01,86.8
Seoul,2010-06-01,170.4
Seoul,2010-07-01,141.8
Seoul,2010-08-01,193.8
Seoul,2010-09-01,178.7
Seoul,2010-10-01,271.1
Seoul,2010-11-01,213.3
Seoul,2010-12-01,83.2
Seoul,2011-01-01,83.3
Seoul,2011-02-01,23.9
Seoul,2011-03-01,0.0
Seoul,2011-04-01,67.8
Seoul,2011-05-01,88.2
Seoul,2011-06-01,187.3
Seoul,2011-07-01,174.4
Seoul,2011-08-01,218.8
Seoul,2011-09-01,253.1
Seoul,2011-10-01,213.3
Seoul,2011-11-01,158.1
Seoul,2011-12-01,95.2
Seoul,2012-01-01,48.4
Seoul,2012-02-01,109.9
Seoul,2012-03-01,5.0
Seoul,2012-04-01,53.2
Seoul,2012-05-01,55.0
Seoul,2012-06-01,40.1
Seoul,2012-07-01,153.8
Seoul,2012-08-01,195.0
Seoul,2012-09-01,209.4
Seoul,2012-10-01,222.7
Seoul,2012-11-01,150.2
Seoul,2012-12-01,127.6
Seoul,2013-01-01,82.4
Seoul,2013-02-01,0.0
Seoul,2013-03-01,52.6
Seoul,2013-04-01,37.4
Seoul,2013-05-01,62.1
Seoul,2013-06-01,108.0
Seoul,2013-07-01,148.4
Seoul,2013-08-01,164.5
Seoul,2013-09-01,138.7
Seoul,2013-10-01,166.0
Seoul,2013-11-01,160.9
Seoul,2013-12-01,77.4
Seoul,2014-01-01,84.3
Seoul,2014-02-01,37.5
Seoul,2014-03-01,80.8
Seoul,2014-04-01,40.9
Seoul,2014-05-01,84.2
Seoul,2014-06-01,135.4
Seoul,2014-07-01,196.9
Seoul,2014-08-01,207.9
Seoul,2014-09-01,272.1
Seoul,2014-10-01,214.9
Seoul,2014-11-01,124.5
Seoul,2014-12-01,89.8
Seoul,2015-01-01,68.6
Seoul,2015-02-01,67.7
Seoul,2015-03-01,70.2
Seoul,2015-04-01,11.9
Seoul,2015-05-01,84.1
Seoul,2015-06-01,139.1
Seoul,2015-07-01,223.8
Seoul,2015-08-01,240.8
Seoul,2015-09-01,213.9
Seoul,2015-10-01,210.1
Seoul,2015-11-01,145.2
Seoul,2015-12-01,131.9
Seoul,2016-01-01,96.5
Seoul,2016-02-01,0.0
Seoul,2016-03-01,0.0
Seoul,2016-04-01,20.6
Seoul,2016-05-01,77.6
Seoul,2016-06-01,145.5
Seoul,2016-07-01,110.0
Seoul,2016-08-01,199.8
Seoul,2016-09-01,205.8
Seoul,2016-10-01,170.8
Seoul,2016-11-01,130.1
Seoul,2016-12-01,134.4
Seoul,2017-01-01,41.6
Seoul,2017-02-01,110.4
Seoul,2017-03-01,65.9
Seoul,2017-04-01,0.0
Seoul,2017-05-01,58.0
Seoul,2017-06-01,113.4
Seoul,2017-07-01,205.8
Seoul,2017-08-01,178.5
Seoul,2017-09-01,198.4
Seoul,2017-10-01,150.9
Seoul,2017-11-01,181.5
Seoul,2017-12-01,127.2
Seoul,2018-01-01,83.8
Seoul,2018-02-01,21.8
Seoul,2018-03-01,59.5
Seoul,2018-04-01,0.0
Seoul,2018-05-01,45.9
Seoul,2018-06-01,111.4
Seoul,2018-07-01,156.8
Seoul,2018-08-01,193.5
Seoul,2018-09-01,214.0
Seoul,2018-10-01,196.5
Seoul,2018-11-01,194.3
Seoul,2018-12-01,116.1
Seoul,2019-01-01,23.7
Seoul,2019-02-01,74.5
Seoul,2019-03-01,71.4
Seoul,2019-04-01,42.9
Seoul,2019-05-01,38.0
Seoul,2019-06-01,223.9
Seoul,2019-07-01,186.5
Seoul,2019-08-01,159.7
Seoul,2019-09-01,198.7
Seoul,2019-10-01,215.0
Seoul,2019-11-01,238.1
Seoul,2019-12-01,147.8
Seoul,2020-01-01,131.3
Seoul,2020-02-01,54.1
Seoul,2020-03-01,2.3
Seoul,2020-04-01,1.9
Seoul,2020-05-01,83.4
Seoul,2020-06-01,153.6
Seoul,2020-07-01,183.7
Seoul,2020-08-01,178.4
Seoul,2020-09-01,224.6
Seoul,2020-10-01,205.5
Seoul,2020-11-01,201.2
Seoul,2020-12-01,186.3
Seoul,2021-01-01,69.2
Seoul,2021-02-01,13.3
Seoul,2021-03-01,0.0
Seoul,2021-04-01,0.0
Seoul,2021-05-01,52.8
Seoul,2021-06-01,112.8
Seoul,2021-07-01,128.5
Seoul,2021-08-01,226.7
Seoul,2021-09-01,275.5
Seoul,2021-10-01,164.1
Seoul,2021-11-01,183.1
Seoul,2021-12-01,119.6
Seoul,2022-01-01,64.2
Seoul,2022-02-01,0.0
Seoul,2022-03-01,0.0
Seoul,2022-04-01,8.5
Seoul,2022-05-01,70.0
Seoul,2022-06-01,140.1
Seoul,2022-07-01,186.1
Seoul,2022-08-01,216.9
Seoul,2022-09-01,159.3
Seoul,2022-10-01,253.8
Seoul,2022-11-01,199.2
Seoul,2022-12-01,141.1
Seoul,2023-01-01,47.6
Seoul,2023-02-01,59.9
Seoul,2023-03-01,0.0
Seoul,2023-04-01,60.9
Seoul,2023-05-01,98.7
Seoul,2023-06-01,109.7
Seoul,2023-07-01,167.5
Seoul,2023-08-01,188.0
Seoul,2023-09-01,204.6
Seoul,2023-10-01,222.2
Seoul,2023-11-01,179.9
Seoul,2023-12-01,119.6
Seoul,2024-01-01,119.5
Seoul,2024-02-01,57.2
Seoul,2024-03-01,63.1
Seoul,2024-04-01,15.9
Seoul,2024-05-01,69.6
Seoul,2024-06-01,77.6
Seoul,2024-07-01,151.0
Seoul,2024-08-01,225.8
Seoul,2024-09-01,234.0
Seoul,2024-10-01,206.4
Seoul,2024-11-01,173.6
Seoul,2024-12-01,118.6
Seoul,2025-01-01,94.2
Seoul,2025-02-01,0.4
Seoul,2025-03-01,30.2
Seoul,2025-04-01,34.9
Seoul,2025-05-01,141.4
Seoul,2025-06-01,113.3
Seoul,2025-07-01,186.6
Seoul,2025-08-01,296.1
Seoul,2025-09-01,205.5
Seoul,2025-10-01,224.5
Seoul,2025-11-01,103.2
Seoul,2025-12-01,174.8
Incheon,2001-01-01,70.5
Incheon,2001-02-01,35.5
Incheon,2001-03-01,38.5
Incheon,2001-04-01,73.0
Incheon,2001-05-01,104.2
Incheon,2001-06-01,119.9
Incheon,2001-07-01,222.9
Incheon,2001-08-01,160.2
Incheon,2001-09-01,178.1
Incheon,2001-10-01,189.0
Incheon,2001-11-01,132.1
Incheon,2001-12-01,196.8
Incheon,2002-01-01,140.9
Incheon,2002-02-01,77.7
Incheon,2002-03-01,75.7
Incheon,2002-04-01,25.8
Incheon,2002-05-01,122.5
Incheon,2002-06-01,120.2
Incheon,2002-07-01,100.4
Incheon,2002-08-01,149.1
Incheon,2002-09-01,243.4
Incheon,2002-10-01,180.4
Incheon,2002-11-01,180.5
Incheon,2002-12-01,154.7
Incheon,2003-01-01,75.3
Incheon,2003-02-01,69.4
Incheon,2003-03-01,30.8
Incheon,2003-04-01,37.2
Incheon,2003-05-01,131.8
Incheon,2003-06-01,132.7
Incheon,2003-07-01,174.3
Incheon,2003-08-01,203.0
Incheon,2003-09-01,229.9
Incheon,2003-10-01,167.2
Incheon,2003-11-01,207.2
Incheon,2003-12-01,186.6
Incheon,2004-01-01,87.3
Incheon,2004-02-01,0.0
Incheon,2004-03-01,0.0
Incheon,2004-04-01,97.2
Incheon,2004-05-01,59.2
Incheon,2004-06-01,101.9
Incheon,2004-07-01,190.4
Incheon,2004-08-01,274.3
Incheon,2004-09-01,213.7
Incheon,2004-10-01,151.4
Incheon,2004-11-01,170.8
Incheon,2004-12-01,136.9
Incheon,2005-01-01,78.7
Incheon,2005-02-01,42.0
Incheon,2005-03-01,32.7
Incheon,2005-04-01,0.0
Incheon,2005-05-01,100.7
Incheon,2005-06-01,129.1
Incheon,2005-07-01,178.2
Incheon,2005-08-01,139.8
Incheon,2005-09-01,227.3
Incheon,2005-10-01,156.5
Incheon,2005-11-01,157.3
Incheon,2005-12-01,102.0
Incheon,2006-01-01,121.7
Incheon,2006-02-01,26.7
Incheon,2006-03-01,25.0
Incheon,2006-04-01,21.4
Incheon,2006-05-01,102.7
Incheon,2006-06-01,183.9
Incheon,2006-07-01,147.7
Incheon,2006-08-01,210.0
Incheon,2006-09-01,199.2
Incheon,2006-10-01,222.1
Incheon,2006-11-01,147.3
Incheon,2006-12-01,194.7
Incheon,2007-01-01,63.5
Incheon,2007-02-01,64.6
Incheon,2007-03-01,86.5
Incheon,2007-04-01,15.4
Incheon,2007-05-01,28.6
Incheon,2007-06-01,77.1
Incheon,2007-07-01,224.3
Incheon,2007-08-01,228.3
Incheon,2007-09-01,268.4
Incheon,2007-10-01,198.0
Incheon,2007-11-01,226.3
Incheon,2007-12-01,99.7
Incheon,2008-01-01,98.9
Incheon,2008-02-01,5.1
Incheon,2008-03-01,67.1
Incheon,2008-04-01,2.9
Incheon,2008-05-01,75.4
Incheon,2008-06-01,79.8
Incheon,2008-07-01,175.2
Incheon,2008-08-01,202.5
Incheon,2008-09-01,206.8
Incheon,2008-10-01,240.2
Incheon,2008-11-01,146.8
Incheon,2008-12-01,149.0
Incheon,2009-01-01,70.5
Incheon,2009-02-01,46.8
Incheon,2009-03-01,10.4
Incheon,2009-04-01,76.0
Incheon,2009-05-01,69.8
Incheon,2009-06-01,84.1
Incheon,2009-07-01,156.9
Incheon,2009-08-01,197.6
Incheon,2009-09-01,194.8
Incheon,2009-10-01,193.2
Incheon,2009-11-01,151.5
Incheon,2009-12-01,127.7
Incheon,2010-01-01,2.2
Incheon,2010-02-01,61.0
Incheon,2010-03-01,51.9
Incheon,2010-04-01,29.9
Incheon,2010-05-01,72.8
Incheon,2010-06-01,154.1
Incheon,2010-07-01,192.4
Incheon,2010-08-01,248.1
Incheon,2010-09-01,162.4
Incheon,2010-10-01,200.6
Incheon,2010-11-01,140.6
Incheon,2010-12-01,167.3
Incheon,2011-01-01,62.9
Incheon,2011-02-01,30.7
Incheon,2011-03-01,14.6
Incheon,2011-04-01,78.3
Incheon,2011-05-01,96.3
Incheon,2011-06-01,131.2
Incheon,2011-07-01,192.7
Incheon,2011-08-01,168.0
Incheon,2011-09-01,234.7
Incheon,2011-10-01,173.5
Incheon,2011-11-01,212.1
Incheon,2011-12-01,73.9
Incheon,2012-01-01,121.2
Incheon,2012-02-01,36.0
Incheon,2012-03-01,10.6
Incheon,2012-04-01,43.4
Incheon,2012-05-01,128.7
Incheon,2012-06-01,112.2
Incheon,2012-07-01,165.6
Incheon,2012-08-01,132.9
Incheon,2012-09-01,203.8
Incheon,2012-10-01,159.0
Incheon,2012-11-01,175.3
Incheon,2012-12-01,98.9
Incheon,2013-01-01,131.6
Incheon,2013-02-01,10.8
Incheon,2013-03-01,24.8
Incheon,2013-04-01,90.0
Incheon,2013-05-01,62.7
Incheon,2013-06-01,86.3
Incheon,2013-07-01,167.1
Incheon,2013-08-01,214.1
Incheon,2013-09-01,253.6
Incheon,2013-10-01,160.6
Incheon,2013-11-01,205.3
Incheon,2013-12-01,97.9
Incheon,2014-01-01,24.9
Incheon,2014-02-01,102.9
Incheon,2014-03-01,23.1
Incheon,2014-04-01,59.2
Incheon,2014-05-01,91.2
Incheon,2014-06-01,144.4
Incheon,2014-07-01,171.8
Incheon,2014-08-01,276.4
Incheon,2014-09-01,252.4
Incheon,2014-10-01,206.7
Incheon,2014-11-01,220.6
Incheon,2014-12-01,114.4
Incheon,2015-01-01,85.9
Incheon,2015-02-01,0.0
Incheon,2015-03-01,38.1
Incheon,2015-04-01,117.7
Incheon,2015-05-01,51.3
Incheon,2015-06-01,97.4
Incheon,2015-07-01,195.4
Incheon,2015-08-01,175.6
Incheon,2015-09-01,171.1
Incheon,2015-10-01,169.3
Incheon,2015-11-01,192.2
Incheon,2015-12-01,84.1
Incheon,2016-01-01,85.3
Incheon,2016-02-01,0.0
Incheon,2016-03-01,0.0
Incheon,2016-04-01,63.6
Incheon,2016-05-01,46.1
Incheon,2016-06-01,138.7
Incheon,2016-07-01,136.2
Incheon,2016-08-01,200.6
Incheon,2016-09-01,264.0
Incheon,2016-10-01,221.1
Incheon,2016-11-01,173.0
Incheon,2016-12-01,97.5
Incheon,2017-01-01,95.6
Incheon,2017-02-01,0.0
Incheon,2017-03-01,57.9
Incheon,2017-04-01,0.0
Incheon,2017-05-01,81.6
Incheon,2017-06-01,97.7
Incheon,2017-07-01,184.6
Incheon,2017-08-01,208.7
Incheon,2017-09-01,231.7
Incheon,2017-10-01,229.2
Incheon,2017-11-01,151.1
Incheon,2017-12-01,122.6
Incheon,2018-01-01,31.3
Incheon,2018-02-01,14.9
Incheon,2018-03-01,70.2
Incheon,2018-04-01,74.8
Incheon,2018-05-01,29.1
Incheon,2018-06-01,90.8
Incheon,2018-07-01,216.7
Incheon,2018-08-01,169.3
Incheon,2018-09-01,269.5
Incheon,2018-10-01,228.8
Incheon,2018-11-01,153.8
Incheon,2018-12-01,160.9
Incheon,2019-01-01,38.6
Incheon,2019-02-01,88.9
Incheon,2019-03-01,53.7
Incheon,2019-04-01,34.2
Incheon,2019-05-01,16.5
Incheon,2019-06-01,85.3
Incheon,2019-07-01,166.9
Incheon,2019-08-01,169.8
Incheon,2019-09-01,174.7
Incheon,2019-10-01,209.9
Incheon,2019-11-01,134.0
Incheon,2019-12-01,77.5
Incheon,2020-01-01,85.6
Incheon,2020-02-01,2.9
Incheon,2020-03-01,4.1
Incheon,2020-04-01,1.4
Incheon,2020-05-01,66.5
Incheon,2020-06-01,151.7
Incheon,2020-07-01,163.2
Incheon,2020-08-01,229.3
Incheon,2020-09-01,134.8
Incheon,2020-10-01,215.6
Incheon,2020-11-01,169.1
Incheon,2020-12-01,135.0
Incheon,2021-01-01,140.4
Incheon,2021-02-01,24.3
Incheon,2021-03-01,13.5
Incheon,2021-04-01,97.5
Incheon,2021-05-01,95.0
Incheon,2021-06-01,66.8
Incheon,2021-07-01,166.3
Incheon,2021-08-01,211.6
Incheon,2021-09-01,181.2
Incheon,2021-10-01,232.8
Incheon,2021-11-01,152.7
Incheon,2021-12-01,84.1
Incheon,2022-01-01,149.0
Incheon,2022-02-01,30.5
Incheon,2022-03-01,100.3
Incheon,2022-04-01,0.0
Incheon,2022-05-01,77.6
Incheon,2022-06-01,211.6
Incheon,2022-07-01,243.5
Incheon,2022-08-01,283.6
Incheon,2022-09-01,252.0
Incheon,2022-10-01,208.4
Incheon,2022-11-01,173.6
Incheon,2022-12-01,100.0
Incheon,2023-01-01,96.4
Incheon,2023-02-01,0.0
Incheon,2023-03-01,0.0
Incheon,2023-04-01,1.3
Incheon,2023-05-01,100.7
Incheon,2023-06-01,144.5
Incheon,2023-07-01,117.8
Incheon,2023-08-01,225.4
Incheon,2023-09-01,208.6
Incheon,2023-10-01,187.6
Incheon,2023-11-01,160.9
Incheon,2023-12-01,145.0
Incheon,2024-01-01,127.2
Incheon,2024-02-01,19.5
Incheon,2024-03-01,82.1
Incheon,2024-04-01,55.6
Incheon,2024-05-01,120.0
Incheon,2024-06-01,129.6
Incheon,2024-07-01,132.2
Incheon,2024-08-01,266.3
Incheon,2024-09-01,260.5
Incheon,2024-10-01,198.1
Incheon,2024-11-01,128.6
Incheon,2024-12-01,149.5
Incheon,2025-01-01,63.0
Incheon,2025-02-01,0.0
Incheon,2025-03-01,63.0
Incheon,2025-04-01,74.0
Incheon,2025-05-01,30.3
Incheon,2025-06-01,105.8
Incheon,2025-07-01,218.0
Incheon,2025-08-01,137.4
Incheon,2025-09-01,238.8
Incheon,2025-10-01,190.4
Incheon,2025-11-01,219.8
Incheon,2025-12-01,112.1
Daejeon,2001-01-01,119.8
Daejeon,2001-02-01,38.4
Daejeon,2001-03-01,43.3
Daejeon,2001-04-01,0.0
Daejeon,2001-05-01,27.4
Daejeon,2001-06-01,108.8
Daejeon,2001-07-01,181.0
Daejeon,2001-08-01,188.0
Daejeon,2001-09-01,175.7
Daejeon,2001-10-01,243.2
Daejeon,2001-11-01,248.0
Daejeon,2001-12-01,162.7
Daejeon,2002-01-01,45.9
Daejeon,2002-02-01,28.5
Daejeon,2002-03-01,26.8
Daejeon,2002-04-01,66.8
Daejeon,2002-05-01,37.3
Daejeon,2002-06-01,111.5
Daejeon,2002-07-01,165.0
Daejeon,2002-08-01,198.7
Daejeon,2002-09-01,229.9
Daejeon,2002-10-01,182.6
Daejeon,2002-11-01,176.3
Daejeon,2002-12-01,150.9
Daejeon,2003-01-01,34.8
Daejeon,2003-02-01,32.4
Daejeon,2003-03-01,0.0
Daejeon,2003-04-01,40.5
Daejeon,2003-05-01,99.9
Daejeon,2003-06-01,130.2
Daejeon,2003-07-01,146.1
Daejeon,2003-08-01,295.6
Daejeon,2003-09-01,214.9
Daejeon,2003-10-01,262.7
Daejeon,2003-11-01,139.3
Daejeon,2003-12-01,109.0
Daejeon,2004-01-01,109.2
Daejeon,2004-02-01,124.7
Daejeon,2004-03-01,66.4
Daejeon,2004-04-01,32.3
Daejeon,2004-05-01,47.6
Daejeon,2004-06-01,58.6
Daejeon,2004-07-01,209.2
Daejeon,2004-08-01,244.7
Daejeon,2004-09-01,195.8
Daejeon,2004-10-01,166.8
Daejeon,2004-11-01,249.9
Daejeon,2004-12-01,90.1
Daejeon,2005-01-01,107.8
Daejeon,2005-02-01,94.5
Daejeon,2005-03-01,81.8
Daejeon,2005-04-01,0.0
Daejeon,2005-05-01,60.0
Daejeon,2005-06-01,116.3
Daejeon,2005-07-01,119.5
Daejeon,2005-08-01,212.9
Daejeon,2005-09-01,210.1
Daejeon,2005-10-01,205.2
Daejeon,2005-11-01,172.4
Daejeon,2005-12-01,111.5
Daejeon,2006-01-01,68.9
Daejeon,2006-02-01,4.8
Daejeon,2006-03-01,69.5
Daejeon,2006-04-01,68.8
Daejeon,2006-05-01,69.2
Daejeon,2006-06-01,164.5
Daejeon,2006-07-01,223.3
Daejeon,2006-08-01,209.9
Daejeon,2006-09-01,244.5
Daejeon,2006-10-01,240.6
Daejeon,2006-11-01,257.3
Daejeon,2006-12-01,111.9
Daejeon,2007-01-01,127.8
Daejeon,2007-02-01,22.3
Daejeon,2007-03-01,15.4
Daejeon,2007-04-01,67.7
Daejeon,2007-05-01,106.2
Daejeon,2007-06-01,112.2
Daejeon,2007-07-01,173.8
Daejeon,2007-08-01,147.4
Daejeon,2007-09-01,183.0
Daejeon,2007-10-01,245.6
Daejeon,2007-11-01,170.9
Daejeon,2007-12-01,197.0
Daejeon,2008-01-01,80.8
Daejeon,2008-02-01,60.9
Daejeon,2008-03-01,55.6
Daejeon,2008-04-01,44.6
Daejeon,2008-05-01,68.4
Daejeon,2008-06-01,106.6
Daejeon,2008-07-01,195.9
Daejeon,2008-08-01,235.6
Daejeon,2008-09-01,254.9
Daejeon,2008-10-01,229.8
Daejeon,2008-11-01,199.8
Daejeon,2008-12-01,127.6
Daejeon,2009-01-01,98.6
Daejeon,2009-02-01,79.2
Daejeon,2009-03-01,44.2
Daejeon,2009-04-01,58.6
Daejeon,2009-05-01,0.0
Daejeon,2009-06-01,127.9
Daejeon,2009-07-01,173.3
Daejeon,2009-08-01,246.7
Daejeon,2009-09-01,204.1
Daejeon,2009-10-01,242.3
Daejeon,2009-11-01,150.0
Daejeon,2009-12-01,174.7
Daejeon,2010-01-01,57.3
Daejeon,2010-02-01,36.3
Daejeon,2010-03-01,71.1
Daejeon,2010-04-01,17.3
Daejeon,2010-05-01,44.2
Daejeon,2010-06-01,111.2
Daejeon,2010-07-01,205.7
Daejeon,2010-08-01,223.6
Daejeon,2010-09-01,195.6
Daejeon,2010-10-01,155.9
Daejeon,2010-11-01,113.9
Daejeon,2010-12-01,134.8
Daejeon,2011-01-01,91.0
Daejeon,2011-02-01,77.7
Daejeon,2011-03-01,73.9
Daejeon,2011-04-01,7.3
Daejeon,2011-05-01,56.7
Daejeon,2011-06-01,192.8
Daejeon,2011-07-01,189.2
Daejeon,2011-08-01,201.8
Daejeon,2011-09-01,235.3
Daejeon,2011-10-01,254.2
Daejeon,2011-11-01,198.6
Daejeon,2011-12-01,146.0
Daejeon,2012-01-01,73.7
Daejeon,2012-02-01,94.1
Daejeon,2012-03-01,42.1
Daejeon,2012-04-01,36.2
Daejeon,2012-05-01,48.3
Daejeon,2012-06-01,168.9
Daejeon,2012-07-01,183.4
Daejeon,2012-08-01,206.9
Daejeon,2012-09-01,203.8
Daejeon,2012-10-01,170.6
Daejeon,2012-11-01,255.0
Daejeon,2012-12-01,115.2
Daejeon,2013-01-01,102.3
Daejeon,2013-02-01,34.5
Daejeon,2013-03-01,31.4
Daejeon,2013-04-01,9.8
Daejeon,2013-05-01,19.8
Daejeon,2013-06-01,103.3
Daejeon,2013-07-01,170.1
Daejeon,2013-08-01,304.4
Daejeon,2013-09-01,209.8
Daejeon,2013-10-01,179.4
Daejeon,2013-11-01,199.1
Daejeon,2013-12-01,154.4
Daejeon,2014-01-01,28.6
Daejeon,2014-02-01,64.8
Daejeon,2014-03-01,40.7
Daejeon,2014-04-01,41.2
Daejeon,2014-05-01,72.1
Daejeon,2014-06-01,49.4
Daejeon,2014-07-01,126.6
Daejeon,2014-08-01,259.3
Daejeon,2014-09-01,202.3
Daejeon,2014-10-01,209.8
Daejeon,2014-11-01,196.2
Daejeon,2014-12-01,79.7
Daejeon,2015-01-01,84.1
Daejeon,2015-02-01,58.8
Daejeon,2015-03-01,65.1
Daejeon,2015-04-01,28.2
Daejeon,2015-05-01,74.8
Daejeon,2015-06-01,112.1
Daejeon,2015-07-01,177.5
Daejeon,2015-08-01,252.8
Daejeon,2015-09-01,246.5
Daejeon,2015-10-01,184.9
Daejeon,2015-11-01,241.4
Daejeon,2015-12-01,119.2
Daejeon,2016-01-01,141.6
Daejeon,2016-02-01,68.1
Daejeon,2016-03-01,41.7
Daejeon,2016-04-01,84.5
Daejeon,2016-05-01,148.7
Daejeon,2016-06-01,114.4
Daejeon,2016-07-01,252.7
Daejeon,2016-08-01,231.5
Daejeon,2016-09-01,140.9
Daejeon,2016-10-01,184.5
Daejeon,2016-11-01,169.4
Daejeon,2016-12-01,172.6
Daejeon,2017-01-01,112.9
Daejeon,2017-02-01,16.6
Daejeon,2017-03-01,113.6
Daejeon,2017-04-01,48.7
Daejeon,2017-05-01,103.4
Daejeon,2017-06-01,96.5
Daejeon,2017-07-01,127.2
Daejeon,2017-08-01,225.4
Daejeon,2017-09-01,265.7
Daejeon,2017-10-01,270.2
Daejeon,2017-11-01,231.0
Daejeon,2017-12-01,97.3
Daejeon,2018-01-01,99.7
Daejeon,2018-02-01,72.2
Daejeon,2018-03-01,15.8
Daejeon,2018-04-01,116.1
Daejeon,2018-05-01,175.0
Daejeon,2018-06-01,139.3
Daejeon,2018-07-01,217.8
Daejeon,2018-08-01,223.9
Daejeon,2018-09-01,280.0
Daejeon,2018-10-01,170.2
Daejeon,2018-11-01,123.4
Daejeon,2018-12-01,131.6
Daejeon,2019-01-01,53.5
Daejeon,2019-02-01,23.4
Daejeon,2019-03-01,0.0
Daejeon,2019-04-01,108.1
Daejeon,2019-05-01,97.4
Daejeon,2019-06-01,171.8
Daejeon,2019-07-01,207.2
Daejeon,2019-08-01,202.9
Daejeon,2019-09-01,268.1
Daejeon,2019-10-01,172.9
Daejeon,2019-11-01,167.9
Daejeon,2019-12-01,62.2
Daejeon,2020-01-01,72.9
Daejeon,2020-02-01,38.4
Daejeon,2020-03-01,75.6
Daejeon,2020-04-01,89.2
Daejeon,2020-05-01,63.8
Daejeon,2020-06-01,96.7
Daejeon,2020-07-01,156.8
Daejeon,2020-08-01,120.8
Daejeon,2020-09-01,232.2
Daejeon,2020-10-01,275.2
Daejeon,2020-11-01,179.9
Daejeon,2020-12-01,134.5
Daejeon,2021-01-01,121.3
Daejeon,2021-02-01,52.1
Daejeon,2021-03-01,73.9
Daejeon,2021-04-01,64.5
Daejeon,2021-05-01,52.9
Daejeon,2021-06-01,119.6
Daejeon,2021-07-01,147.9
Daejeon,2021-08-01,165.8
Daejeon,2021-09-01,266.2
Daejeon,2021-10-01,261.7
Daejeon,2021-11-01,143.6
Daejeon,2021-12-01,76.8
Daejeon,2022-01-01,142.8
Daejeon,2022-02-01,10.9
Daejeon,2022-03-01,49.1
Daejeon,2022-04-01,65.7
Daejeon,2022-05-01,129.3
Daejeon,2022-06-01,116.6
Daejeon,2022-07-01,158.9
Daejeon,2022-08-01,248.6
Daejeon,2022-09-01,218.8
Daejeon,2022-10-01,243.1
Daejeon,2022-11-01,194.3
Daejeon,2022-12-01,146.4
Daejeon,2023-01-01,119.8
Daejeon,2023-02-01,48.2
Daejeon,2023-03-01,25.6
Daejeon,2023-04-01,45.5
Daejeon,2023-05-01,71.0
Daejeon,2023-06-01,198.8
Daejeon,2023-07-01,196.7
Daejeon,2023-08-01,187.7
Daejeon,2023-09-01,254.5
Daejeon,2023-10-01,246.1
Daejeon,2023-11-01,198.5
Daejeon,2023-12-01,122.3
Daejeon,2024-01-01,70.7
Daejeon,2024-02-01,58.5
Daejeon,2024-03-01,89.0
Daejeon,2024-04-01,57.4
Daejeon,2024-05-01,44.5
Daejeon,2024-06-01,169.4
Daejeon,2024-07-01,175.3
Daejeon,2024-08-01,257.9
Daejeon,2024-09-01,195.7
Daejeon,2024-10-01,228.5
Daejeon,2024-11-01,178.6
Daejeon,2024-12-01,145.9
Daejeon,2025-01-01,112.9
Daejeon,2025-02-01,38.7
Daejeon,2025-03-01,10.2
Daejeon,2025-04-01,55.9
Daejeon,2025-05-01,72.6
Daejeon,2025-06-01,132.4
Daejeon,2025-07-01,252.2
Daejeon,2025-08-01,185.1
Daejeon,2025-09-01,217.0
Daejeon,2025-10-01,213.7
Daejeon,2025-11-01,144.5
Daejeon,2025-12-01,185.6
Daegu,2001-01-01,93.6
Daegu,2001-02-01,43.7
Daegu,2001-03-01,31.1
Daegu,2001-04-01,0.0
Daegu,2001-05-01,62.5
Daegu,2001-06-01,71.6
Daegu,2001-07-01,208.2
Daegu,2001-08-01,163.5
Daegu,2001-09-01,197.0
Daegu,2001-10-01,211.8
Daegu,2001-11-01,173.3
Daegu,2001-12-01,111.2
Daegu,2002-01-01,148.0
Daegu,2002-02-01,95.1
Daegu,2002-03-01,0.0
Daegu,2002-04-01,11.1
Daegu,2002-05-01,145.7
Daegu,2002-06-01,130.6
Daegu,2002-07-01,171.6
Daegu,2002-08-01,132.5
Daegu,2002-09-01,201.3
Daegu,2002-10-01,229.7
Daegu,2002-11-01,164.8
Daegu,2002-12-01,152.7
Daegu,2003-01-01,28.3
Daegu,2003-02-01,0.0
Daegu,2003-03-01,0.0
Daegu,2003-04-01,1.1
Daegu,2003-05-01,46.7
Daegu,2003-06-01,139.3
Daegu,2003-07-01,141.2
Daegu,2003-08-01,189.8
Daegu,2003-09-01,219.0
Daegu,2003-10-01,267.7
Daegu,2003-11-01,232.7
Daegu,2003-12-01,133.4
Daegu,2004-01-01,77.9
Daegu,2004-02-01,80.2
Daegu,2004-03-01,57.0
Daegu,2004-04-01,83.6
Daegu,2004-05-01,24.5
Daegu,2004-06-01,108.5
Daegu,2004-07-01,194.1
Daegu,2004-08-01,194.7
Daegu,2004-09-01,190.8
Daegu,2004-10-01,205.9
Daegu,2004-11-01,161.6
Daegu,2004-12-01,126.8
Daegu,2005-01-01,65.0
Daegu,2005-02-01,91.5
Daegu,2005-03-01,0.0
Daegu,2005-04-01,6.9
Daegu,2005-05-01,96.8
Daegu,2005-06-01,102.7
Daegu,2005-07-01,165.6
Daegu,2005-08-01,201.9
Daegu,2005-09-01,206.2
Daegu,2005-10-01,196.4
Daegu,2005-11-01,184.0
Daegu,2005-12-01,138.1
Daegu,2006-01-01,61.2
Daegu,2006-02-01,53.2
Daegu,2006-03-01,34.4
Daegu,2006-04-01,57.5
Daegu,2006-05-01,99.9
Daegu,2006-06-01,112.9
Daegu,2006-07-01,131.9
Daegu,2006-08-01,209.5
Daegu,2006-09-01,245.5
Daegu,2006-10-01,134.3
Daegu,2006-11-01,143.5
Daegu,2006-12-01,87.3
Daegu,2007-01-01,67.2
Daegu,2007-02-01,0.0
Daegu,2007-03-01,57.9
Daegu,2007-04-01,0.0
Daegu,2007-05-01,163.7
Daegu,2007-06-01,155.4
Daegu,2007-07-01,167.4
Daegu,2007-08-01,263.6
Daegu,2007-09-01,203.2
Daegu,2007-10-01,228.0
Daegu,2007-11-01,177.7
Daegu,2007-12-01,144.2
Daegu,2008-01-01,78.6
Daegu,2008-02-01,0.0
Daegu,2008-03-01,54.9
Daegu,2008-04-01,18.9
Daegu,2008-05-01,130.6
Daegu,2008-06-01,100.6
Daegu,2008-07-01,179.5
Daegu,2008-08-01,180.3
Daegu,2008-09-01,213.8
Daegu,2008-10-01,259.9
Daegu,2008-11-01,217.6
Daegu,2008-12-01,113.9
Daegu,2009-01-01,48.2
Daegu,2009-02-01,32.2
Daegu,2009-03-01,67.2
Daegu,2009-04-01,68.9
Daegu,2009-05-01,21.0
Daegu,2009-06-01,115.3
Daegu,2009-07-01,182.5
Daegu,2009-08-01,190.4
Daegu,2009-09-01,166.9
Daegu,2009-10-01,240.7
Daegu,2009-11-01,203.6
Daegu,2009-12-01,105.5
Daegu,2010-01-01,32.0
Daegu,2010-02-01,122.1
Daegu,2010-03-01,0.0
Daegu,2010-04-01,15.9
Daegu,2010-05-01,64.6
Daegu,2010-06-01,169.4
Daegu,2010-07-01,110.7
Daegu,2010-08-01,221.6
Daegu,2010-09-01,272.4
Daegu,2010-10-01,248.0
Daegu,2010-11-01,173.2
Daegu,2010-12-01,107.4
Daegu,2011-01-01,110.7
Daegu,2011-02-01,61.4
Daegu,2011-03-01,0.0
Daegu,2011-04-01,2.9
Daegu,2011-05-01,54.7
Daegu,2011-06-01,77.5
Daegu,2011-07-01,204.1
Daegu,2011-08-01,239.3
Daegu,2011-09-01,193.4
Daegu,2011-10-01,175.1
Daegu,2011-11-01,208.0
Daegu,2011-12-01,83.7
Daegu,2012-01-01,32.9
Daegu,2012-02-01,28.1
Daegu,2012-03-01,49.7
Daegu,2012-04-01,32.5
Daegu,2012-05-01,81.1
Daegu,2012-06-01,54.8
Daegu,2012-07-01,102.4
Daegu,2012-08-01,131.2
Daegu,2012-09-01,215.5
Daegu,2012-10-01,169.1
Daegu,2012-11-01,171.3
Daegu,2012-12-01,53.4
Daegu,2013-01-01,92.2
Daegu,2013-02-01,0.9
Daegu,2013-03-01,0.0
Daegu,2013-04-01,11.1
Daegu,2013-05-01,120.6
Daegu,2013-06-01,59.6
Daegu,2013-07-01,200.0
Daegu,2013-08-01,196.2
Daegu,2013-09-01,240.1
Daegu,2013-10-01,173.1
Daegu,2013-11-01,201.1
Daegu,2013-12-01,49.6
Daegu,2014-01-01,131.9
Daegu,2014-02-01,0.0
Daegu,2014-03-01,0.0
Daegu,2014-04-01,73.3
Daegu,2014-05-01,70.8
Daegu,2014-06-01,105.4
Daegu,2014-07-01,205.3
Daegu,2014-08-01,199.0
Daegu,2014-09-01,163.9
Daegu,2014-10-01,206.7
Daegu,2014-11-01,161.5
Daegu,2014-12-01,149.0
Daegu,2015-01-01,71.8
Daegu,2015-02-01,105.7
Daegu,2015-03-01,0.0
Daegu,2015-04-01,37.4
Daegu,2015-05-01,108.7
Daegu,2015-06-01,195.2
Daegu,2015-07-01,161.7
Daegu,2015-08-01,267.3
Daegu,2015-09-01,198.0
Daegu,2015-10-01,176.1
Daegu,2015-11-01,167.2
Daegu,2015-12-01,123.2
Daegu,2016-01-01,137.8
Daegu,2016-02-01,86.5
Daegu,2016-03-01,34.6
Daegu,2016-04-01,72.9
Daegu,2016-05-01,81.8
Daegu,2016-06-01,62.5
Daegu,2016-07-01,91.1
Daegu,2016-08-01,185.7
Daegu,2016-09-01,262.5
Daegu,2016-10-01,174.4
Daegu,2016-11-01,221.8
Daegu,2016-12-01,81.0
Daegu,2017-01-01,84.2
Daegu,2017-02-01,48.1
Daegu,2017-03-01,47.6
Daegu,2017-04-01,68.7
Daegu,2017-05-01,44.1
Daegu,2017-06-01,187.2
Daegu,2017-07-01,196.1
Daegu,2017-08-01,197.7
Daegu,2017-09-01,266.3
Daegu,2017-10-01,208.0
Daegu,2017-11-01,151.8
Daegu,2017-12-01,96.0
Daegu,2018-01-01,68.8
Daegu,2018-02-01,2.0
Daegu,2018-03-01,21.6
Daegu,2018-04-01,53.7
Daegu,2018-05-01,56.5
Daegu,2018-06-01,81.0
Daegu,2018-07-01,160.2
Daegu,2018-08-01,133.1
Daegu,2018-09-01,211.7
Daegu,2018-10-01,143.1
Daegu,2018-11-01,94.3
Daegu,2018-12-01,125.2
Daegu,2019-01-01,12.0
Daegu,2019-02-01,88.1
Daegu,2019-03-01,6.2
Daegu,2019-04-01,14.8
Daegu,2019-05-01,40.4
Daegu,2019-06-01,126.1
Daegu,2019-07-01,160.4
Daegu,2019-08-01,234.9
Daegu,2019-09-01,198.5
Daegu,2019-10-01,231.2
Daegu,2019-11-01,170.0
Daegu,2019-12-01,132.6
Daegu,2020-01-01,61.6
Daegu,2020-02-01,24.6
Daegu,2020-03-01,0.0
Daegu,2020-04-01,2.0
Daegu,2020-05-01,120.7
Daegu,2020-06-01,76.3
Daegu,2020-07-01,172.8
Daegu,2020-08-01,274.5
Daegu,2020-09-01,197.0
Daegu,2020-10-01,257.8
Daegu,2020-11-01,163.6
Daegu,2020-12-01,95.5
Daegu,2021-01-01,83.1
Daegu,2021-02-01,0.0
Daegu,2021-03-01,39.5
Daegu,2021-04-01,28.2
Daegu,2021-05-01,94.7
Daegu,2021-06-01,160.7
Daegu,2021-07-01,135.5
Daegu,2021-08-01,219.4
Daegu,2021-09-01,255.0
Daegu,2021-10-01,128.2
Daegu,2021-11-01,166.2
Daegu,2021-12-01,94.3
Daegu,2022-01-01,136.4
Daegu,2022-02-01,39.8
Daegu,2022-03-01,57.2
Daegu,2022-04-01,5.7
Daegu,2022-05-01,107.0
Daegu,2022-06-01,155.3
Daegu,2022-07-01,204.5
Daegu,2022-08-01,186.7
Daegu,2022-09-01,192.1
Daegu,2022-10-01,219.6
Daegu,2022-11-01,245.8
Daegu,2022-12-01,118.0
Daegu,2023-01-01,109.9
Daegu,2023-02-01,51.2
Daegu,2023-03-01,33.2
Daegu,2023-04-01,64.9
Daegu,2023-05-01,94.1
Daegu,2023-06-01,145.5
Daegu,2023-07-01,183.1
Daegu,2023-08-01,214.3
Daegu,2023-09-01,187.0
Daegu,2023-10-01,198.2
Daegu,2023-11-01,133.3
Daegu,2023-12-01,158.5
Daegu,2024-01-01,65.7
Daegu,2024-02-01,57.5
Daegu,2024-03-01,5.9
Daegu,2024-04-01,68.5
Daegu,2024-05-01,86.3
Daegu,2024-06-01,82.6
Daegu,2024-07-01,145.9
Daegu,2024-08-01,151.0
Daegu,2024-09-01,197.2
Daegu,2024-10-01,181.3
Daegu,2024-11-01,223.7
Daegu,2024-12-01,82.9
Daegu,2025-01-01,82.2
Daegu,2025-02-01,18.5
Daegu,2025-03-01,0.0
Daegu,2025-04-01,6.4
Daegu,2025-05-01,72.9
Daegu,2025-06-01,115.0
Daegu,2025-07-01,191.3
Daegu,2025-08-01,170.1
Daegu,2025-09-01,223.8
Daegu,2025-10-01,166.1
Daegu,2025-11-01,119.4
Daegu,2025-12-01,130.5
Jeonju,2001-01-01,66.5
Jeonju,2001-02-01,76.1
Jeonju,2001-03-01,0.0
Jeonju,2001-04-01,2.4
Jeonju,2001-05-01,49.9
Jeonju,2001-06-01,97.6
Jeonju,2001-07-01,236.9
Jeonju,2001-08-01,164.7
Jeonju,2001-09-01,236.6
Jeonju,2001-10-01,225.0
Jeonju,2001-11-01,134.5
Jeonju,2001-12-01,224.7
Jeonju,2002-01-01,84.3
Jeonju,2002-02-01,66.4
Jeonju,2002-03-01,20.5
Jeonju,2002-04-01,96.1
Jeonju,2002-05-01,61.6
Jeonju,2002-06-01,116.6
Jeonju,2002-07-01,202.5
Jeonju,2002-08-01,242.2
Jeonju,2002-09-01,204.1
Jeonju,2002-10-01,201.7
Jeonju,2002-11-01,150.3
Jeonju,2002-12-01,109.8
Jeonju,2003-01-01,16.6
Jeonju,2003-02-01,34.8
Jeonju,2003-03-01,86.8
Jeonju,2003-04-01,56.7
Jeonju,2003-05-01,77.5
Jeonju,2003-06-01,111.9
Jeonju,2003-07-01,181.6
Jeonju,2003-08-01,207.1
Jeonju,2003-09-01,251.2
Jeonju,2003-10-01,214.7
Jeonju,2003-11-01,167.1
Jeonju,2003-12-01,165.5
Jeonju,2004-01-01,65.4
Jeonju,2004-02-01,60.4
Jeonju,2004-03-01,43.6
Jeonju,2004-04-01,40.3
Jeonju,2004-05-01,125.0
Jeonju,2004-06-01,97.3
Jeonju,2004-07-01,202.8
Jeonju,2004-08-01,179.7
Jeonju,2004-09-01,242.1
Jeonju,2004-10-01,227.9
Jeonju,2004-11-01,216.6
Jeonju,2004-12-01,106.1
Jeonju,2005-01-01,50.0
Jeonju,2005-02-01,61.6
Jeonju,2005-03-01,3.4
Jeonju,2005-04-01,67.9
Jeonju,2005-05-01,53.3
Jeonju,2005-06-01,155.7
Jeonju,2005-07-01,130.2
Jeonju,2005-08-01,164.3
Jeonju,2005-09-01,245.8
Jeonju,2005-10-01,225.7
Jeonju,2005-11-01,266.2
Jeonju,2005-12-01,67.9
Jeonju,2006-01-01,113.0
Jeonju,2006-02-01,54.6
Jeonju,2006-03-01,0.0
Jeonju,2006-04-01,52.5
Jeonju,2006-05-01,80.0
Jeonju,2006-06-01,190.6
Jeonju,2006-07-01,152.5
Jeonju,2006-08-01,244.3
Jeonju,2006-09-01,195.7
Jeonju,2006-10-01,202.2
Jeonju,2006-11-01,180.9
Jeonju,2006-12-01,66.6
Jeonju,2007-01-01,151.0
Jeonju,2007-02-01,47.5
Jeonju,2007-03-01,57.5
Jeonju,2007-04-01,68.8
Jeonju,2007-05-01,42.7
Jeonju,2007-06-01,100.2
Jeonju,2007-07-01,196.0
Jeonju,2007-08-01,223.3
Jeonju,2007-09-01,178.4
Jeonju,2007-10-01,203.7
Jeonju,2007-11-01,214.9
Jeonju,2007-12-01,140.4
Jeonju,2008-01-01,79.9
Jeonju,2008-02-01,0.0
Jeonju,2008-03-01,45.4
Jeonju,2008-04-01,78.9
Jeonju,2008-05-01,113.3
Jeonju,2008-06-01,93.6
Jeonju,2008-07-01,178.7
Jeonju,2008-08-01,236.7
Jeonju,2008-09-01,175.0
Jeonju,2008-10-01,216.8
Jeonju,2008-11-01,230.6
Jeonju,2008-12-01,103.2
Jeonju,2009-01-01,84.2
Jeonju,2009-02-01,3.2
Jeonju,2009-03-01,12.7
Jeonju,2009-04-01,0.0
Jeonju,2009-05-01,50.5
Jeonju,2009-06-01,118.9
Jeonju,2009-07-01,172.3
Jeonju,2009-08-01,168.0
Jeonju,2009-09-01,216.3
Jeonju,2009-10-01,218.9
Jeonju,2009-11-01,161.1
Jeonju,2009-12-01,116.8
Jeonju,2010-01-01,31.9
Jeonju,2010-02-01,74.2
Jeonju,2010-03-01,32.5
Jeonju,2010-04-01,43.4
Jeonju,2010-05-01,58.8
Jeonju,2010-06-01,134.6
Jeonju,2010-07-01,175.3
Jeonju,2010-08-01,208.4
Jeonju,2010-09-01,203.3
Jeonju,2010-10-01,136.0
Jeonju,2010-11-01,228.5
Jeonju,2010-12-01,138.8
Jeonju,2011-01-01,108.3
Jeonju,2011-02-01,20.3
Jeonju,2011-03-01,0.0
Jeonju,2011-04-01,0.0
Jeonju,2011-05-01,71.0
Jeonju,2011-06-01,137.4
Jeonju,2011-07-01,193.8
Jeonju,2011-08-01,221.4
Jeonju,2011-09-01,275.7
Jeonju,2011-10-01,192.2
Jeonju,2011-11-01,157.8
Jeonju,2011-12-01,127.7
Jeonju,2012-01-01,59.6
Jeonju,2012-02-01,120.4
Jeonju,2012-03-01,22.7
Jeonju,2012-04-01,0.0
Jeonju,2012-05-01,53.3
Jeonju,2012-06-01,101.4
Jeonju,2012-07-01,157.6
Jeonju,2012-08-01,221.7
Jeonju,2012-09-01,205.5
Jeonju,2012-10-01,169.1
Jeonju,2012-11-01,121.1
Jeonju,2012-12-01,83.3
Jeonju,2013-01-01,76.6
Jeonju,2013-02-01,30.5
Jeonju,2013-03-01,0.0
Jeonju,2013-04-01,0.0
Jeonju,2013-05-01,136.3
Jeonju,2013-06-01,149.5
Jeonju,2013-07-01,143.5
Jeonju,2013-08-01,247.2
Jeonju,2013-09-01,203.9
Jeonju,2013-10-01,170.9
Jeonju,2013-11-01,165.6
Jeonju,2013-12-01,186.4
Jeonju,2014-01-01,59.0
Jeonju,2014-02-01,79.5
Jeonju,2014-03-01,0.0
Jeonju,2014-04-01,2.1
Jeonju,2014-05-01,91.7
Jeonju,2014-06-01,79.7
Jeonju,2014-07-01,194.7
Jeonju,2014-08-01,226.2
Jeonju,2014-09-01,212.8
Jeonju,2014-10-01,232.9
Jeonju,2014-11-01,138.8
Jeonju,2014-12-01,124.2
Jeonju,2015-01-01,68.7
Jeonju,2015-02-01,37.1
Jeonju,2015-03-01,2.9
Jeonju,2015-04-01,40.9
Jeonju,2015-05-01,101.4
Jeonju,2015-06-01,162.1
Jeonju,2015-07-01,190.5
Jeonju,2015-08-01,195.1
Jeonju,2015-09-01,229.9
Jeonju,2015-10-01,162.4
Jeonju,2015-11-01,136.7
Jeonju,2015-12-01,181.3
Jeonju,2016-01-01,30.8
Jeonju,2016-02-01,11.7
Jeonju,2016-03-01,0.0
Jeonju,2016-04-01,80.2
Jeonju,2016-05-01,76.7
Jeonju,2016-06-01,108.8
Jeonju,2016-07-01,195.2
Jeonju,2016-08-01,159.9
Jeonju,2016-09-01,222.2
Jeonju,2016-10-01,203.8
Jeonju,2016-11-01,210.7
Jeonju,2016-12-01,157.5
Jeonju,2017-01-01,48.8
Jeonju,2017-02-01,66.2
Jeonju,2017-03-01,0.0
Jeonju,2017-04-01,0.0
Jeonju,2017-05-01,61.0
Jeonju,2017-06-01,88.5
Jeonju,2017-07-01,245.0
Jeonju,2017-08-01,208.8
Jeonju,2017-09-01,210.7
Jeonju,2017-10-01,207.6
Jeonju,2017-11-01,147.1
Jeonju,2017-12-01,141.4
Jeonju,2018-01-01,121.6
Jeonju,2018-02-01,109.7
Jeonju,2018-03-01,22.9
Jeonju,2018-04-01,76.1
Jeonju,2018-05-01,81.4
Jeonju,2018-06-01,160.3
Jeonju,2018-07-01,222.0
Jeonju,2018-08-01,187.5
Jeonju,2018-09-01,207.5
Jeonju,2018-10-01,206.5
Jeonju,2018-11-01,160.3
Jeonju,2018-12-01,131.8
Jeonju,2019-01-01,109.2
Jeonju,2019-02-01,105.0
Jeonju,2019-03-01,29.7
Jeonju,2019-04-01,24.9
Jeonju,2019-05-01,86.2
Jeonju,2019-06-01,132.1
Jeonju,2019-07-01,126.1
Jeonju,2019-08-01,229.2
Jeonju,2019-09-01,248.1
Jeonju,2019-10-01,144.3
Jeonju,2019-11-01,143.7
Jeonju,2019-12-01,107.8
Jeonju,2020-01-01,56.7
Jeonju,2020-02-01,39.1
Jeonju,2020-03-01,73.8
Jeonju,2020-04-01,0.0
Jeonju,2020-05-01,69.5
Jeonju,2020-06-01,115.2
Jeonju,2020-07-01,185.5
Jeonju,2020-08-01,267.6
Jeonju,2020-09-01,187.0
Jeonju,2020-10-01,177.7
Jeonju,2020-11-01,212.1
Jeonju,2020-12-01,137.0
Jeonju,2021-01-01,13.5
Jeonju,2021-02-01,32.7
Jeonju,2021-03-01,0.0
Jeonju,2021-04-01,19.2
Jeonju,2021-05-01,104.7
Jeonju,2021-06-01,76.3
Jeonju,2021-07-01,187.7
Jeonju,2021-08-01,161.8
Jeonju,2021-09-01,259.0
Jeonju,2021-10-01,258.2
Jeonju,2021-11-01,177.3
Jeonju,2021-12-01,148.8
Jeonju,2022-01-01,54.3
Jeonju,2022-02-01,25.1
Jeonju,2022-03-01,39.7
Jeonju,2022-04-01,65.1
Jeonju,2022-05-01,40.9
Jeonju,2022-06-01,88.6
Jeonju,2022-07-01,229.9
Jeonju,2022-08-01,248.2
Jeonju,2022-09-01,216.3
Jeonju,2022-10-01,215.7
Jeonju,2022-11-01,153.2
Jeonju,2022-12-01,155.0
Jeonju,2023-01-01,83.7
Jeonju,2023-02-01,86.2
Jeonju,2023-03-01,40.6
Jeonju,2023-04-01,42.5
Jeonju,2023-05-01,109.2
Jeonju,2023-06-01,148.0
Jeonju,2023-07-01,210.8
Jeonju,2023-08-01,235.4
Jeonju,2023-09-01,210.0
Jeonju,2023-10-01,207.1
Jeonju,2023-11-01,182.3
Jeonju,2023-12-01,98.0
Jeonju,2024-01-01,81.0
Jeonju,2024-02-01,54.5
Jeonju,2024-03-01,45.2
Jeonju,2024-04-01,15.5
Jeonju,2024-05-01,81.2
Jeonju,2024-06-01,134.7
Jeonju,2024-07-01,162.4
Jeonju,2024-08-01,195.9
Jeonju,2024-09-01,181.5
Jeonju,2024-10-01,225.6
Jeonju,2024-11-01,98.3
Jeonju,2024-12-01,118.2
Jeonju,2025-01-01,53.6
Jeonju,2025-02-01,23.6
Jeonju,2025-03-01,6.5
Jeonju,2025-04-01,93.1
Jeonju,2025-05-01,36.9
Jeonju,2025-06-01,95.7
Jeonju,2025-07-01,159.9
Jeonju,2025-08-01,172.0
Jeonju,2025-09-01,232.0
Jeonju,2025-10-01,230.4
Jeonju,2025-11-01,234.7
Jeonju,2025-12-01,72.5
Gwangju,2001-01-01,112.4
Gwangju,2001-02-01,45.1
Gwangju,2001-03-01,0.0
Gwangju,2001-04-01,2.4
Gwangju,2001-05-01,78.4
Gwangju,2001-06-01,93.9
Gwangju,2001-07-01,173.8
Gwangju,2001-08-01,172.8
Gwangju,2001-09-01,215.2
Gwangju,2001-10-01,217.9
Gwangju,2001-11-01,198.7
Gwangju,2001-12-01,85.5
Gwangju,2002-01-01,62.0
Gwangju,2002-02-01,0.0
Gwangju,2002-03-01,59.6
Gwangju,2002-04-01,58.9
Gwangju,2002-05-01,110.2
Gwangju,2002-06-01,179.3
Gwangju,2002-07-01,189.5
Gwangju,2002-08-01,254.2
Gwangju,2002-09-01,192.0
Gwangju,2002-10-01,160.1
Gwangju,2002-11-01,151.4
Gwangju,2002-12-01,103.1
Gwangju,2003-01-01,55.0
Gwangju,2003-02-01,25.5
Gwangju,2003-03-01,0.0
Gwangju,2003-04-01,56.4
Gwangju,2003-05-01,39.9
Gwangju,2003-06-01,95.7
Gwangju,2003-07-01,170.5
Gwangju,2003-08-01,201.2
Gwangju,2003-09-01,195.4
Gwangju,2003-10-01,218.5
Gwangju,2003-11-01,155.3
Gwangju,2003-12-01,133.9
Gwangju,2004-01-01,33.5
Gwangju,2004-02-01,14.1
Gwangju,2004-03-01,0.0
Gwangju,2004-04-01,63.2
Gwangju,2004-05-01,46.9
Gwangju,2004-06-01,77.5
Gwangju,2004-07-01,166.0
Gwangju,2004-08-01,202.4
Gwangju,2004-09-01,221.5
Gwangju,2004-10-01,263.6
Gwangju,2004-11-01,126.8
Gwangju,2004-12-01,94.4
Gwangju,2005-01-01,91.8
Gwangju,2005-02-01,39.5
Gwangju,2005-03-01,0.0
Gwangju,2005-04-01,0.0
Gwangju,2005-05-01,116.6
Gwangju,2005-06-01,85.5
Gwangju,2005-07-01,107.4
Gwangju,2005-08-01,214.7
Gwangju,2005-09-01,150.9
Gwangju,2005-10-01,155.6
Gwangju,2005-11-01,129.2
Gwangju,2005-12-01,112.7
Gwangju,2006-01-01,60.2
Gwangju,2006-02-01,56.8
Gwangju,2006-03-01,70.8
Gwangju,2006-04-01,18.9
Gwangju,2006-05-01,143.8
Gwangju,2006-06-01,139.4
Gwangju,2006-07-01,162.9
Gwangju,2006-08-01,169.9
Gwangju,2006-09-01,258.1
Gwangju,2006-10-01,222.9
Gwangju,2006-11-01,188.7
Gwangju,2006-12-01,44.6
Gwangju,2007-01-01,118.6
Gwangju,2007-02-01,4.8
Gwangju,2007-03-01,0.0
Gwangju,2007-04-01,34.7
Gwangju,2007-05-01,136.0
Gwangju,2007-06-01,143.9
Gwangju,2007-07-01,188.2
Gwangju,2007-08-01,217.6
Gwangju,2007-09-01,211.5
Gwangju,2007-10-01,188.7
Gwangju,2007-11-01,101.1
Gwangju,2007-12-01,129.2
Gwangju,2008-01-01,40.9
Gwangju,2008-02-01,11.4
Gwangju,2008-03-01,80.8
Gwangju,2008-04-01,0.0
Gwangju,2008-05-01,103.1
Gwangju,2008-06-01,98.8
Gwangju,2008-07-01,149.8
Gwangju,2008-08-01,201.8
Gwangju,2008-09-01,208.7
Gwangju,2008-10-01,236.7
Gwangju,2008-11-01,124.5
Gwangju,2008-12-01,192.1
Gwangju,2009-01-01,141.6
Gwangju,2009-02-01,66.8
Gwangju,2009-03-01,40.7
Gwangju,2009-04-01,30.2
Gwangju,2009-05-01,87.6
Gwangju,2009-06-01,132.6
Gwangju,2009-07-01,179.9
Gwangju,2009-08-01,230.6
Gwangju,2009-09-01,186.1
Gwangju,2009-10-01,242.5
Gwangju,2009-11-01,137.7
Gwangju,2009-12-01,67.6
Gwangju,2010-01-01,94.1
Gwangju,2010-02-01,87.5
Gwangju,2010-03-01,66.8
Gwangju,2010-04-01,23.2
Gwangju,2010-05-01,68.9
Gwangju,2010-06-01,124.4
Gwangju,2010-07-01,194.2
Gwangju,2010-08-01,190.6
Gwangju,2010-09-01,181.2
Gwangju,2010-10-01,237.5
Gwangju,2010-11-01,175.5
Gwangju,2010-12-01,96.8
Gwangju,2011-01-01,52.1
Gwangju,2011-02-01,108.0
Gwangju,2011-03-01,0.0
Gwangju,2011-04-01,16.1
Gwangju,2011-05-01,2.0
Gwangju,2011-06-01,196.9
Gwangju,2011-07-01,126.5
Gwangju,2011-08-01,198.8
Gwangju,2011-09-01,185.1
Gwangju,2011-10-01,143.7
Gwangju,2011-11-01,140.7
Gwangju,2011-12-01,122.1
Gwangju,2012-01-01,79.6
Gwangju,2012-02-01,0.0
Gwangju,2012-03-01,24.4
Gwangju,2012-04-01,27.0
Gwangju,2012-05-01,58.0
Gwangju,2012-06-01,22.8
Gwangju,2012-07-01,81.0
Gwangju,2012-08-01,156.6
Gwangju,2012-09-01,220.4
Gwangju,2012-10-01,245.0
Gwangju,2012-11-01,154.0
Gwangju,2012-12-01,104.4
Gwangju,2013-01-01,121.0
Gwangju,2013-02-01,59.2
Gwangju,2013-03-01,34.9
Gwangju,2013-04-01,78.9
Gwangju,2013-05-01,0.0
Gwangju,2013-06-01,102.2
Gwangju,2013-07-01,196.6
Gwangju,2013-08-01,217.0
Gwangju,2013-09-01,272.5
Gwangju,2013-10-01,189.4
Gwangju,2013-11-01,114.2
Gwangju,2013-12-01,81.0
Gwangju,2014-01-01,37.7
Gwangju,2014-02-01,2.1
Gwangju,2014-03-01,4.0
Gwangju,2014-04-01,0.0
Gwangju,2014-05-01,78.1
Gwangju,2014-06-01,104.9
Gwangju,2014-07-01,170.1
Gwangju,2014-08-01,214.9
Gwangju,2014-09-01,194.8
Gwangju,2014-10-01,167.3
Gwangju,2014-11-01,172.7
Gwangju,2014-12-01,126.8
Gwangju,2015-01-01,82.9
Gwangju,2015-02-01,49.4
Gwangju,2015-03-01,38.6
Gwangju,2015-04-01,0.0
Gwangju,2015-05-01,60.0
Gwangju,2015-06-01,130.1
Gwangju,2015-07-01,107.8
Gwangju,2015-08-01,268.0
Gwangju,2015-09-01,247.0
Gwangju,2015-10-01,259.4
Gwangju,2015-11-01,155.8
Gwangju,2015-12-01,154.3
Gwangju,2016-01-01,126.5
Gwangju,2016-02-01,0.6
Gwangju,2016-03-01,11.9
Gwangju,2016-04-01,6.5
Gwangju,2016-05-01,49.5
Gwangju,2016-06-01,129.8
Gwangju,2016-07-01,137.4
Gwangju,2016-08-01,226.0
Gwangju,2016-09-01,250.8
Gwangju,2016-10-01,171.7
Gwangju,2016-11-01,187.9
Gwangju,2016-12-01,158.1
Gwangju,2017-01-01,59.3
Gwangju,2017-02-01,0.0
Gwangju,2017-03-01,0.0
Gwangju,2017-04-01,0.0
Gwangju,2017-05-01,137.0
Gwangju,2017-06-01,161.2
Gwangju,2017-07-01,161.0
Gwangju,2017-08-01,231.5
Gwangju,2017-09-01,224.4
Gwangju,2017-10-01,216.3
Gwangju,2017-11-01,189.1
Gwangju,2017-12-01,125.7
Gwangju,2018-01-01,13.8
Gwangju,2018-02-01,25.3
Gwangju,2018-03-01,31.3
Gwangju,2018-04-01,66.5
Gwangju,2018-05-01,93.7
Gwangju,2018-06-01,80.7
Gwangju,2018-07-01,153.2
Gwangju,2018-08-01,212.9
Gwangju,2018-09-01,223.1
Gwangju,2018-10-01,264.0
Gwangju,2018-11-01,160.6
Gwangju,2018-12-01,99.0
Gwangju,2019-01-01,50.2
Gwangju,2019-02-01,0.0
Gwangju,2019-03-01,0.0
Gwangju,2019-04-01,51.1
Gwangju,2019-05-01,39.2
Gwangju,2019-06-01,137.1
Gwangju,2019-07-01,229.6
Gwangju,2019-08-01,240.5
Gwangju,2019-09-01,182.9
Gwangju,2019-10-01,202.6
Gwangju,2019-11-01,196.7
Gwangju,2019-12-01,143.8
Gwangju,2020-01-01,74.4
Gwangju,2020-02-01,28.8
Gwangju,2020-03-01,51.2
Gwangju,2020-04-01,17.1
Gwangju,2020-05-01,58.6
Gwangju,2020-06-01,71.0
Gwangju,2020-07-01,197.4
Gwangju,2020-08-01,217.7
Gwangju,2020-09-01,123.8
Gwangju,2020-10-01,163.8
Gwangju,2020-11-01,130.2
Gwangju,2020-12-01,88.2
Gwangju,2021-01-01,40.3
Gwangju,2021-02-01,13.0
Gwangju,2021-03-01,52.7
Gwangju,2021-04-01,40.1
Gwangju,2021-05-01,0.0
Gwangju,2021-06-01,131.6
Gwangju,2021-07-01,219.0
Gwangju,2021-08-01,152.8
Gwangju,2021-09-01,199.2
Gwangju,2021-10-01,254.9
Gwangju,2021-11-01,190.0
Gwangju,2021-12-01,108.4
Gwangju,2022-01-01,69.4
Gwangju,2022-02-01,6.5
Gwangju,2022-03-01,18.9
Gwangju,2022-04-01,43.3
Gwangju,2022-05-01,129.9
Gwangju,2022-06-01,199.2
Gwangju,2022-07-01,210.3
Gwangju,2022-08-01,112.4
Gwangju,2022-09-01,257.0
Gwangju,2022-10-01,200.3
Gwangju,2022-11-01,172.9
Gwangju,2022-12-01,114.2
Gwangju,2023-01-01,75.7
Gwangju,2023-02-01,16.5
Gwangju,2023-03-01,11.7
Gwangju,2023-04-01,16.6
Gwangju,2023-05-01,66.4
Gwangju,2023-06-01,122.1
Gwangju,2023-07-01,152.8
Gwangju,2023-08-01,189.0
Gwangju,2023-09-01,236.3
Gwangju,2023-10-01,174.8
Gwangju,2023-11-01,183.7
Gwangju,2023-12-01,119.9
Gwangju,2024-01-01,27.4
Gwangju,2024-02-01,39.6
Gwangju,2024-03-01,60.1
Gwangju,2024-04-01,31.1
Gwangju,2024-05-01,100.0
Gwangju,2024-06-01,106.1
Gwangju,2024-07-01,202.9
Gwangju,2024-08-01,154.9
Gwangju,2024-09-01,204.8
Gwangju,2024-10-01,255.9
Gwangju,2024-11-01,125.8
Gwangju,2024-12-01,154.5
Gwangju,2025-01-01,64.3
Gwangju,2025-02-01,11.7
Gwangju,2025-03-01,0.0
Gwangju,2025-04-01,43.7
Gwangju,2025-05-01,89.1
Gwangju,2025-06-01,143.2
Gwangju,2025-07-01,190.2
Gwangju,2025-08-01,188.9
Gwangju,2025-09-01,180.1
Gwangju,2025-10-01,214.2
Gwangju,2025-11-01,157.1
Gwangju,2025-12-01,106.8
Busan,2001-01-01,63.8
Busan,2001-02-01,80.1
Busan,2001-03-01,33.5
Busan,2001-04-01,78.0
Busan,2001-05-01,53.8
Busan,2001-06-01,195.5
Busan,2001-07-01,190.8
Busan,2001-08-01,227.0
Busan,2001-09-01,150.6
Busan,2001-10-01,282.9
Busan,2001-11-01,173.1
Busan,2001-12-01,81.3
Busan,2002-01-01,100.2
Busan,2002-02-01,91.2
Busan,2002-03-01,35.8
Busan,2002-04-01,0.0
Busan,2002-05-01,109.3
Busan,2002-06-01,45.1
Busan,2002-07-01,184.5
Busan,2002-08-01,171.2
Busan,2002-09-01,207.8
Busan,2002-10-01,220.8
Busan,2002-11-01,200.0
Busan,2002-12-01,148.5
Busan,2003-01-01,70.7
Busan,2003-02-01,4.6
Busan,2003-03-01,0.0
Busan,2003-04-01,63.8
Busan,2003-05-01,49.3
Busan,2003-06-01,104.5
Busan,2003-07-01,199.7
Busan,2003-08-01,226.7
Busan,2003-09-01,222.4
Busan,2003-10-01,200.4
Busan,2003-11-01,185.5
Busan,2003-12-01,190.6
Busan,2004-01-01,45.0
Busan,2004-02-01,20.3
Busan,2004-03-01,36.4
Busan,2004-04-01,29.9
Busan,2004-05-01,39.2
Busan,2004-06-01,178.0
Busan,2004-07-01,220.5
Busan,2004-08-01,135.2
Busan,2004-09-01,221.5
Busan,2004-10-01,176.4
Busan,2004-11-01,203.9
Busan,2004-12-01,107.9
Busan,2005-01-01,101.3
Busan,2005-02-01,29.7
Busan,2005-03-01,32.6
Busan,2005-04-01,32.2
Busan,2005-05-01,77.9
Busan,2005-06-01,65.1
Busan,2005-07-01,176.4
Busan,2005-08-01,168.9
Busan,2005-09-01,205.9
Busan,2005-10-01,194.7
Busan,2005-11-01,162.1
Busan,2005-12-01,180.1
Busan,2006-01-01,83.2
Busan,2006-02-01,53.4
Busan,2006-03-01,43.8
Busan,2006-04-01,0.0
Busan,2006-05-01,142.6
Busan,2006-06-01,104.0
Busan,2006-07-01,132.6
Busan,2006-08-01,175.7
Busan,2006-09-01,128.2
Busan,2006-10-01,190.7
Busan,2006-11-01,192.9
Busan,2006-12-01,136.5
Busan,2007-01-01,44.2
Busan,2007-02-01,70.3
Busan,2007-03-01,41.1
Busan,2007-04-01,68.0
Busan,2007-05-01,158.9
Busan,2007-06-01,95.4
Busan,2007-07-01,218.8
Busan,2007-08-01,213.8
Busan,2007-09-01,191.6
Busan,2007-10-01,234.5
Busan,2007-11-01,142.5
Busan,2007-12-01,154.7
Busan,2008-01-01,140.0
Busan,2008-02-01,86.4
Busan,2008-03-01,14.0
Busan,2008-04-01,97.6
Busan,2008-05-01,52.1
Busan,2008-06-01,151.5
Busan,2008-07-01,166.0
Busan,2008-08-01,156.5
Busan,2008-09-01,244.6
Busan,2008-10-01,241.6
Busan,2008-11-01,207.9
Busan,2008-12-01,152.7
Busan,2009-01-01,48.4
Busan,2009-02-01,0.0
Busan,2009-03-01,27.7
Busan,2009-04-01,58.4
Busan,2009-05-01,109.2
Busan,2009-06-01,83.6
Busan,2009-07-01,132.0
Busan,2009-08-01,196.7
Busan,2009-09-01,211.0
Busan,2009-10-01,265.8
Busan,2009-11-01,160.1
Busan,2009-12-01,67.3
Busan,2010-01-01,77.5
Busan,2010-02-01,39.8
Busan,2010-03-01,59.7
Busan,2010-04-01,0.0
Busan,2010-05-01,49.5
Busan,2010-06-01,77.6
Busan,2010-07-01,128.1
Busan,2010-08-01,165.4
Busan,2010-09-01,174.3
Busan,2010-10-01,194.4
Busan,2010-11-01,94.4
Busan,2010-12-01,175.2
Busan,2011-01-01,111.5
Busan,2011-02-01,0.0
Busan,2011-03-01,5.7
Busan,2011-04-01,77.0
Busan,2011-05-01,53.2
Busan,2011-06-01,165.2
Busan,2011-07-01,198.7
Busan,2011-08-01,190.9
Busan,2011-09-01,199.3
Busan,2011-10-01,239.6
Busan,2011-11-01,111.9
Busan,2011-12-01,125.1
Busan,2012-01-01,49.3
Busan,2012-02-01,47.8
Busan,2012-03-01,81.0
Busan,2012-04-01,45.1
Busan,2012-05-01,63.9
Busan,2012-06-01,61.0
Busan,2012-07-01,162.8
Busan,2012-08-01,121.4
Busan,2012-09-01,237.4
Busan,2012-10-01,261.2
Busan,2012-11-01,152.1
Busan,2012-12-01,184.4
Busan,2013-01-01,15.3
Busan,2013-02-01,61.8
Busan,2013-03-01,64.9
Busan,2013-04-01,83.8
Busan,2013-05-01,86.9
Busan,2013-06-01,93.3
Busan,2013-07-01,191.4
Busan,2013-08-01,188.1
Busan,2013-09-01,156.8
Busan,2013-10-01,200.2
Busan,2013-11-01,146.2
Busan,2013-12-01,94.8
Busan,2014-01-01,114.7
Busan,2014-02-01,0.0
Busan,2014-03-01,0.0
Busan,2014-04-01,10.6
Busan,2014-05-01,66.5
Busan,2014-06-01,117.6
Busan,2014-07-01,141.7
Busan,2014-08-01,203.4
Busan,2014-09-01,172.9
Busan,2014-10-01,185.1
Busan,2014-11-01,131.1
Busan,2014-12-01,148.7
Busan,2015-01-01,117.9
Busan,2015-02-01,83.3
Busan,2015-03-01,49.2
Busan,2015-04-01,43.7
Busan,2015-05-01,91.4
Busan,2015-06-01,126.1
Busan,2015-07-01,207.9
Busan,2015-08-01,244.7
Busan,2015-09-01,251.8
Busan,2015-10-01,227.2
Busan,2015-11-01,178.3
Busan,2015-12-01,129.3
Busan,2016-01-01,75.7
Busan,2016-02-01,9.3
Busan,2016-03-01,1.2
Busan,2016-04-01,50.2
Busan,2016-05-01,64.3
Busan,2016-06-01,153.1
Busan,2016-07-01,155.2
Busan,2016-08-01,166.9
Busan,2016-09-01,210.4
Busan,2016-10-01,211.7
Busan,2016-11-01,171.0
Busan,2016-12-01,166.6
Busan,2017-01-01,120.4
Busan,2017-02-01,46.0
Busan,2017-03-01,0.0
Busan,2017-04-01,48.0
Busan,2017-05-01,120.5
Busan,2017-06-01,116.9
Busan,2017-07-01,122.6
Busan,2017-08-01,192.5
Busan,2017-09-01,217.5
Busan,2017-10-01,168.6
Busan,2017-11-01,167.4
Busan,2017-12-01,152.4
Busan,2018-01-01,89.2
Busan,2018-02-01,54.6
Busan,2018-03-01,3.0
Busan,2018-04-01,87.0
Busan,2018-05-01,24.1
Busan,2018-06-01,118.9
Busan,2018-07-01,188.2
Busan,2018-08-01,176.6
Busan,2018-09-01,297.2
Busan,2018-10-01,156.9
Busan,2018-11-01,132.4
Busan,2018-12-01,83.0
Busan,2019-01-01,39.7
Busan,2019-02-01,82.0
Busan,2019-03-01,77.0
Busan,2019-04-01,68.1
Busan,2019-05-01,74.4
Busan,2019-06-01,184.9
Busan,2019-07-01,123.4
Busan,2019-08-01,202.2
Busan,2019-09-01,174.5
Busan,2019-10-01,219.2
Busan,2019-11-01,124.2
Busan,2019-12-01,135.7
Busan,2020-01-01,94.8
Busan,2020-02-01,0.0
Busan,2020-03-01,39.2
Busan,2020-04-01,63.2
Busan,2020-05-01,0.0
Busan,2020-06-01,153.2
Busan,2020-07-01,191.6
Busan,2020-08-01,238.7
Busan,2020-09-01,224.4
Busan,2020-10-01,167.2
Busan,2020-11-01,234.6
Busan,2020-12-01,125.6
Busan,2021-01-01,89.5
Busan,2021-02-01,0.0
Busan,2021-03-01,102.6
Busan,2021-04-01,16.7
Busan,2021-05-01,87.1
Busan,2021-06-01,123.3
Busan,2021-07-01,217.0
Busan,2021-08-01,218.5
Busan,2021-09-01,234.0
Busan,2021-10-01,240.8
Busan,2021-11-01,206.6
Busan,2021-12-01,164.8
Busan,2022-01-01,104.1
Busan,2022-02-01,0.8
Busan,2022-03-01,18.3
Busan,2022-04-01,55.7
Busan,2022-05-01,116.4
Busan,2022-06-01,132.8
Busan,2022-07-01,152.6
Busan,2022-08-01,168.0
Busan,2022-09-01,254.6
Busan,2022-10-01,158.9
Busan,2022-11-01,169.6
Busan,2022-12-01,116.6
Busan,2023-01-01,49.6
Busan,2023-02-01,24.0
Busan,2023-03-01,35.2
Busan,2023-04-01,31.2
Busan,2023-05-01,82.3
Busan,2023-06-01,146.4
Busan,2023-07-01,167.7
Busan,2023-08-01,185.0
Busan,2023-09-01,201.2
Busan,2023-10-01,122.9
Busan,2023-11-01,178.4
Busan,2023-12-01,159.3
Busan,2024-01-01,69.5
Busan,2024-02-01,0.9
Busan,2024-03-01,0.0
Busan,2024-04-01,20.4
Busan,2024-05-01,46.5
Busan,2024-06-01,133.9
Busan,2024-07-01,212.0
Busan,2024-08-01,234.7
Busan,2024-09-01,212.1
Busan,2024-10-01,168.9
Busan,2024-11-01,144.2
Busan,2024-12-01,196.9
Busan,2025-01-01,88.5
Busan,2025-02-01,13.0
Busan,2025-03-01,32.4
Busan,2025-04-01,55.8
Busan,2025-05-01,72.5
Busan,2025-06-01,103.3
Busan,2025-07-01,166.9
Busan,2025-08-01,145.8
Busan,2025-09-01,292.9
Busan,2025-10-01,181.5
Busan,2025-11-01,219.5
Busan,2025-12-01,132.0
